{"stat.pickup.minecraft.bone":14,"stat.useItem.minecraft.iron_axe":52,"stat.leaveGame":1,"stat.mineBlock.minecraft.cobblestone":10,"stat.craftItem.minecraft.iron_axe":1,"stat.swimOneCm":28003,"stat.craftItem.minecraft.shield":2,"stat.pickup.minecraft.porkchop":5,"stat.useItem.minecraft.stone_slab2":20,"stat.pickup.minecraft.bow":1,"stat.mineBlock.minecraft.red_mushroom":3,"stat.pickup.minecraft.rotten_flesh":11,"stat.craftItem.minecraft.furnace":3,"stat.useItem.minecraft.egg":2,"stat.craftItem.minecraft.stone_axe":1,"stat.craftItem.minecraft.stone_pickaxe":4,"stat.craftItem.minecraft.cooked_beef":17,"stat.pickup.minecraft.cobblestone":215,"stat.flyOneCm":191544,"stat.drop.minecraft.wheat_seeds":1,"stat.useItem.minecraft.cooked_beef":7,"stat.pickup.minecraft.redstone":64,"stat.mineBlock.minecraft.iron_ore":84,"stat.timeSinceDeath":40915,"stat.useItem.minecraft.iron_pickaxe":76,"stat.craftItem.minecraft.wooden_pickaxe":2,"stat.pickup.minecraft.mutton":4,"stat.furnaceInteraction":40,"stat.useItem.minecraft.cooked_porkchop":1,"stat.mineBlock.minecraft.coal_ore":95,"stat.pickup.minecraft.string":1,"stat.pickup.minecraft.beef":18,"stat.pickup.minecraft.furnace":4,"stat.useItem.minecraft.cooked_mutton":4,"stat.entityKilledBy.Skeleton":3,"stat.craftItem.minecraft.stone_slab2":0,"stat.sprintOneCm":199388,"stat.craftItem.minecraft.stick":32,"stat.craftItem.minecraft.wooden_axe":1,"stat.mineBlock.minecraft.diamond_ore":6,"stat.mineBlock.minecraft.crafting_table":9,"stat.entityKilledBy.Creeper":1,"stat.useItem.minecraft.beef":1,"stat.deaths":4,"stat.drop":2,"stat.pickup.minecraft.egg":3,"stat.playOneMinute":78473,"stat.killEntity.Sheep":2,"stat.craftItem.minecraft.iron_pickaxe":1,"stat.killEntity.Zombie":5,"stat.mineBlock.minecraft.tallgrass":36,"stat.craftItem.minecraft.cooked_mutton":4,"stat.diveOneCm":224,"stat.chestOpened":10,"stat.useItem.minecraft.stone":1,"stat.pickup.minecraft.gravel":1,"stat.pickup.minecraft.arrow":14,"stat.craftItem.minecraft.cooked_porkchop":4,"stat.useItem.minecraft.chicken":1,"stat.useItem.minecraft.porkchop":1,"stat.jump":1313,"stat.pickup.minecraft.coal":95,"stat.fallOneCm":32735,"stat.useItem.minecraft.stone_axe":19,"stat.crouchOneCm":5745,"stat.craftItem.minecraft.torch":16,"stat.craftItem.minecraft.iron_ingot":46,"stat.craftItem.minecraft.iron_helmet":2,"stat.pickup.minecraft.red_mushroom":3,"stat.craftingTableInteraction":25,"stat.pickup.minecraft.iron_ore":83,"stat.mineBlock.minecraft.lapis_ore":6,"stat.pickup.minecraft.feather":1,"stat.pickup.minecraft.leather":8,"stat.damageTaken":2111,"stat.mineBlock.minecraft.furnace":4,"stat.mineBlock.minecraft.torch":10,"stat.useItem.minecraft.wooden_pickaxe":9,"stat.pickup.minecraft.dye":36,"stat.pickup.minecraft.wheat_seeds":5,"stat.useItem.minecraft.stone_pickaxe":371,"stat.craftItem.minecraft.iron_leggings":1,"stat.damageDealt":3975,"stat.craftItem.minecraft.bowl":4,"stat.killEntity.Cow":7,"stat.killEntity.Pig":2,"stat.walkOneCm":112643,"stat.useItem.minecraft.torch":16,"stat.useItem.minecraft.bread":2,"stat.drop.minecraft.rotten_flesh":1,"stat.pickup.minecraft.crafting_table":9,"stat.useItem.minecraft.cobblestone":81,"stat.craftItem.minecraft.crafting_table":2,"stat.pickup.minecraft.log":45,"stat.pickup.minecraft.stone":17,"stat.craftItem.minecraft.iron_chestplate":2,"stat.pickup.minecraft.chicken":1,"stat.pickup.minecraft.sapling":2,"stat.killEntity.Skeleton":8,"stat.craftItem.minecraft.planks":180,"stat.killEntity.Chicken":1,"stat.killEntity.Spider":1,"stat.mobKills":29,"stat.mineBlock.minecraft.log":45,"stat.pickup.minecraft.diamond":6,"stat.mineBlock.minecraft.leaves":21,"stat.pickup.minecraft.torch":12,"stat.mineBlock.minecraft.redstone_ore":16,"stat.sneakTime":2735,"stat.pickup.minecraft.wool":2,"stat.useItem.minecraft.wooden_axe":16,"stat.mineBlock.minecraft.stone":231}