{"stat.pickup.minecraft.bone":1,"stat.useItem.minecraft.iron_axe":24,"stat.leaveGame":1,"stat.mineBlock.minecraft.cobblestone":6,"stat.craftItem.minecraft.iron_axe":1,"stat.swimOneCm":25054,"stat.craftItem.minecraft.shield":2,"stat.pickup.minecraft.porkchop":5,"stat.useItem.minecraft.stone_slab2":20,"stat.mineBlock.minecraft.red_mushroom":3,"stat.pickup.minecraft.rotten_flesh":9,"stat.craftItem.minecraft.furnace":3,"stat.useItem.minecraft.egg":2,"stat.craftItem.minecraft.stone_axe":1,"stat.craftItem.minecraft.stone_pickaxe":4,"stat.craftItem.minecraft.cooked_beef":17,"stat.pickup.minecraft.cobblestone":122,"stat.flyOneCm":183124,"stat.drop.minecraft.wheat_seeds":1,"stat.useItem.minecraft.cooked_beef":7,"stat.mineBlock.minecraft.iron_ore":72,"stat.timeSinceDeath":28315,"stat.useItem.minecraft.iron_pickaxe":1,"stat.craftItem.minecraft.wooden_pickaxe":2,"stat.pickup.minecraft.mutton":4,"stat.furnaceInteraction":40,"stat.mineBlock.minecraft.coal_ore":91,"stat.pickup.minecraft.string":1,"stat.pickup.minecraft.beef":18,"stat.pickup.minecraft.furnace":4,"stat.useItem.minecraft.cooked_mutton":2,"stat.entityKilledBy.Skeleton":3,"stat.craftItem.minecraft.stone_slab2":0,"stat.sprintOneCm":183591,"stat.craftItem.minecraft.stick":32,"stat.craftItem.minecraft.wooden_axe":1,"stat.mineBlock.minecraft.crafting_table":9,"stat.entityKilledBy.Creeper":1,"stat.useItem.minecraft.beef":1,"stat.deaths":4,"stat.drop":2,"stat.pickup.minecraft.egg":3,"stat.playOneMinute":65873,"stat.killEntity.Sheep":2,"stat.craftItem.minecraft.iron_pickaxe":1,"stat.killEntity.Zombie":4,"stat.mineBlock.minecraft.tallgrass":36,"stat.craftItem.minecraft.cooked_mutton":4,"stat.diveOneCm":70,"stat.chestOpened":2,"stat.useItem.minecraft.stone":1,"stat.pickup.minecraft.arrow":2,"stat.craftItem.minecraft.cooked_porkchop":4,"stat.useItem.minecraft.chicken":1,"stat.useItem.minecraft.porkchop":1,"stat.jump":1205,"stat.pickup.minecraft.coal":91,"stat.fallOneCm":31835,"stat.useItem.minecraft.stone_axe":19,"stat.crouchOneCm":426,"stat.craftItem.minecraft.torch":12,"stat.craftItem.minecraft.iron_ingot":46,"stat.craftItem.minecraft.iron_helmet":2,"stat.pickup.minecraft.red_mushroom":3,"stat.craftingTableInteraction":25,"stat.pickup.minecraft.iron_ore":72,"stat.pickup.minecraft.feather":1,"stat.pickup.minecraft.leather":8,"stat.damageTaken":1772,"stat.mineBlock.minecraft.furnace":4,"stat.mineBlock.minecraft.torch":8,"stat.useItem.minecraft.wooden_pickaxe":9,"stat.pickup.minecraft.wheat_seeds":5,"stat.useItem.minecraft.stone_pickaxe":291,"stat.craftItem.minecraft.iron_leggings":1,"stat.damageDealt":2754,"stat.craftItem.minecraft.bowl":4,"stat.killEntity.Cow":7,"stat.killEntity.Pig":2,"stat.walkOneCm":86331,"stat.useItem.minecraft.torch":13,"stat.drop.minecraft.rotten_flesh":1,"stat.pickup.minecraft.crafting_table":9,"stat.useItem.minecraft.cobblestone":6,"stat.craftItem.minecraft.crafting_table":2,"stat.pickup.minecraft.log":45,"stat.pickup.minecraft.stone":15,"stat.craftItem.minecraft.iron_chestplate":2,"stat.pickup.minecraft.chicken":1,"stat.pickup.minecraft.sapling":2,"stat.killEntity.Skeleton":2,"stat.craftItem.minecraft.planks":180,"stat.killEntity.Chicken":1,"stat.killEntity.Spider":1,"stat.mobKills":20,"stat.mineBlock.minecraft.log":45,"stat.mineBlock.minecraft.leaves":21,"stat.pickup.minecraft.torch":10,"stat.sneakTime":427,"stat.pickup.minecraft.wool":2,"stat.useItem.minecraft.wooden_axe":16,"stat.mineBlock.minecraft.stone":125}