{"stat.pickup.minecraft.bone":14,"stat.useItem.minecraft.iron_axe":55,"stat.leaveGame":2,"stat.mineBlock.minecraft.cobblestone":14,"stat.pickup.minecraft.stone_pickaxe":1,"stat.craftItem.minecraft.iron_axe":1,"stat.swimOneCm":30702,"stat.craftItem.minecraft.shield":2,"stat.pickup.minecraft.cooked_porkchop":2,"stat.pickup.minecraft.porkchop":5,"stat.useItem.minecraft.dirt":7,"stat.useItem.minecraft.stone_slab2":28,"stat.pickup.minecraft.bow":1,"stat.pickup.minecraft.iron_boots":1,"stat.mineBlock.minecraft.red_mushroom":3,"stat.pickup.minecraft.rotten_flesh":13,"stat.craftItem.minecraft.furnace":3,"stat.useItem.minecraft.egg":3,"stat.craftItem.minecraft.stone_axe":1,"stat.craftItem.minecraft.iron_boots":1,"stat.craftItem.minecraft.stone_pickaxe":5,"stat.craftItem.minecraft.cooked_beef":17,"stat.pickup.minecraft.cobblestone":282,"stat.flyOneCm":236539,"stat.drop.minecraft.wheat_seeds":2,"stat.useItem.minecraft.cooked_beef":7,"stat.pickup.minecraft.redstone":128,"stat.mineBlock.minecraft.iron_ore":93,"stat.timeSinceDeath":5149,"stat.useItem.minecraft.iron_pickaxe":87,"stat.craftItem.minecraft.wooden_pickaxe":2,"stat.pickup.minecraft.mutton":4,"stat.pickup.minecraft.wooden_axe":1,"stat.furnaceInteraction":49,"stat.useItem.minecraft.cooked_porkchop":2,"stat.mineBlock.minecraft.coal_ore":109,"stat.pickup.minecraft.shield":1,"stat.pickup.minecraft.string":1,"stat.pickup.minecraft.beef":18,"stat.pickup.minecraft.furnace":5,"stat.useItem.minecraft.cooked_mutton":4,"stat.entityKilledBy.Skeleton":4,"stat.craftItem.minecraft.stone_slab2":0,"stat.sprintOneCm":223246,"stat.pickup.minecraft.iron_chestplate":1,"stat.craftItem.minecraft.stick":36,"stat.craftItem.minecraft.wooden_axe":1,"stat.mineBlock.minecraft.diamond_ore":6,"stat.mineBlock.minecraft.crafting_table":10,"stat.entityKilledBy.Creeper":2,"stat.useItem.minecraft.beef":1,"stat.deaths":6,"stat.drop":3,"stat.pickup.minecraft.egg":4,"stat.playOneMinute":91005,"stat.killEntity.Sheep":2,"stat.craftItem.minecraft.iron_pickaxe":1,"stat.killEntity.Zombie":5,"stat.mineBlock.minecraft.gold_ore":3,"stat.mineBlock.minecraft.tallgrass":36,"stat.craftItem.minecraft.cooked_mutton":4,"stat.diveOneCm":1135,"stat.chestOpened":10,"stat.useItem.minecraft.stone":7,"stat.pickup.minecraft.gravel":6,"stat.pickup.minecraft.arrow":14,"stat.craftItem.minecraft.cooked_porkchop":4,"stat.useItem.minecraft.chicken":1,"stat.useItem.minecraft.porkchop":1,"stat.jump":1439,"stat.pickup.minecraft.coal":123,"stat.pickup.minecraft.iron_helmet":1,"stat.fallOneCm":36644,"stat.useItem.minecraft.stone_axe":19,"stat.crouchOneCm":7430,"stat.craftItem.minecraft.torch":16,"stat.craftItem.minecraft.iron_ingot":87,"stat.craftItem.minecraft.iron_helmet":2,"stat.pickup.minecraft.dirt":8,"stat.pickup.minecraft.red_mushroom":3,"stat.craftingTableInteraction":28,"stat.pickup.minecraft.iron_ore":92,"stat.useItem.minecraft.sapling":1,"stat.pickup.minecraft.gold_ore":3,"stat.mineBlock.minecraft.lapis_ore":6,"stat.pickup.minecraft.iron_axe":1,"stat.pickup.minecraft.feather":1,"stat.pickup.minecraft.leather":8,"stat.damageTaken":2877,"stat.mineBlock.minecraft.furnace":4,"stat.mineBlock.minecraft.torch":11,"stat.useItem.minecraft.wooden_pickaxe":9,"stat.useItem.minecraft.furnace":1,"stat.pickup.minecraft.dye":72,"stat.pickup.minecraft.planks":10,"stat.pickup.minecraft.iron_leggings":1,"stat.pickup.minecraft.wheat_seeds":6,"stat.mineBlock.minecraft.gravel":2,"stat.useItem.minecraft.stone_pickaxe":435,"stat.craftItem.minecraft.iron_leggings":2,"stat.damageDealt":4096,"stat.craftItem.minecraft.bowl":4,"stat.killEntity.Cow":7,"stat.killEntity.Pig":2,"stat.walkOneCm":127170,"stat.useItem.minecraft.torch":17,"stat.useItem.minecraft.bread":3,"stat.pickup.minecraft.stick":3,"stat.drop.minecraft.rotten_flesh":1,"stat.pickup.minecraft.crafting_table":10,"stat.useItem.minecraft.cobblestone":133,"stat.craftItem.minecraft.crafting_table":2,"stat.pickup.minecraft.log":45,"stat.pickup.minecraft.iron_pickaxe":1,"stat.pickup.minecraft.stone":41,"stat.craftItem.minecraft.iron_chestplate":2,"stat.pickup.minecraft.chicken":1,"stat.pickup.minecraft.sapling":6,"stat.pickup.minecraft.cooked_beef":10,"stat.killEntity.Skeleton":8,"stat.craftItem.minecraft.planks":180,"stat.killEntity.Chicken":1,"stat.killEntity.Spider":1,"stat.mobKills":29,"stat.mineBlock.minecraft.log":45,"stat.pickup.minecraft.diamond":12,"stat.mineBlock.minecraft.leaves":21,"stat.pickup.minecraft.torch":21,"stat.mineBlock.minecraft.redstone_ore":16,"stat.sneakTime":3843,"stat.pickup.minecraft.wool":2,"stat.useItem.minecraft.wooden_axe":16,"stat.mineBlock.minecraft.stone":275}