{"stat.pickup.minecraft.bone":7,"stat.useItem.minecraft.stone":2,"stat.useItem.minecraft.iron_axe":31,"stat.pickup.minecraft.gravel":18,"stat.pickup.minecraft.arrow":8,"stat.mineBlock.minecraft.cobblestone":4,"stat.pickup.minecraft.flint":1,"stat.craftItem.minecraft.iron_axe":1,"stat.useItem.minecraft.mutton":1,"stat.swimOneCm":1278,"stat.jump":955,"stat.pickup.minecraft.coal":114,"stat.fallOneCm":11809,"stat.pickup.minecraft.iron_ingot":5,"stat.craftItem.minecraft.shield":1,"stat.useItem.minecraft.stone_axe":93,"stat.pickup.minecraft.gunpowder":1,"stat.pickup.minecraft.spider_eye":3,"stat.craftItem.minecraft.torch":20,"stat.craftItem.minecraft.iron_ingot":49,"stat.pickup.minecraft.dirt":16,"stat.useItem.minecraft.dirt":6,"stat.craftItem.minecraft.iron_helmet":1,"stat.useItem.minecraft.stone_slab2":13,"stat.useItem.minecraft.cooked_chicken":2,"stat.craftingTableInteraction":15,"stat.pickup.minecraft.iron_ore":53,"stat.pickup.minecraft.rotten_flesh":8,"stat.craftItem.minecraft.furnace":3,"stat.pickup.minecraft.gold_ore":18,"stat.mineBlock.minecraft.lapis_ore":5,"stat.useItem.minecraft.egg":2,"stat.craftItem.minecraft.stone_axe":1,"stat.craftItem.minecraft.iron_boots":1,"stat.damageTaken":584,"stat.pickup.minecraft.feather":6,"stat.pickup.minecraft.leather":2,"stat.craftItem.minecraft.stone_pickaxe":1,"stat.mineBlock.minecraft.torch":8,"stat.mineBlock.minecraft.furnace":4,"stat.useItem.minecraft.wooden_pickaxe":22,"stat.useItem.minecraft.furnace":1,"stat.craftItem.minecraft.cooked_beef":3,"stat.pickup.minecraft.cobblestone":249,"stat.pickup.minecraft.dye":31,"stat.flyOneCm":74629,"stat.pickup.minecraft.wheat_seeds":6,"stat.mineBlock.minecraft.gravel":20,"stat.useItem.minecraft.stone_pickaxe":103,"stat.useItem.minecraft.cooked_beef":3,"stat.craftItem.minecraft.iron_leggings":1,"stat.damageDealt":4121,"stat.pickup.minecraft.redstone":60,"stat.mineBlock.minecraft.iron_ore":54,"stat.timeSinceDeath":58369,"stat.killEntity.Cow":2,"stat.mineBlock.minecraft.dirt":2,"stat.useItem.minecraft.iron_pickaxe":352,"stat.craftItem.minecraft.wooden_pickaxe":1,"stat.pickup.minecraft.mutton":2,"stat.walkOneCm":164472,"stat.useItem.minecraft.torch":15,"stat.pickup.minecraft.crafting_table":6,"stat.useItem.minecraft.cobblestone":23,"stat.craftItem.minecraft.crafting_table":1,"stat.furnaceInteraction":28,"stat.useItem.minecraft.gravel":10,"stat.mineBlock.minecraft.coal_ore":48,"stat.killEntity.Creeper":1,"stat.pickup.minecraft.log":12,"stat.pickup.minecraft.string":9,"stat.pickup.minecraft.beef":5,"stat.useItem.minecraft.cooked_mutton":1,"stat.pickup.minecraft.furnace":4,"stat.craftItem.minecraft.gold_ingot":18,"stat.pickup.minecraft.stone":68,"stat.craftItem.minecraft.iron_chestplate":1,"stat.pickup.minecraft.chicken":5,"stat.sprintOneCm":80364,"stat.craftItem.minecraft.stick":20,"stat.killEntity.Skeleton":3,"stat.craftItem.minecraft.planks":36,"stat.killEntity.Chicken":5,"stat.mineBlock.minecraft.crafting_table":6,"stat.killEntity.Spider":7,"stat.mobKills":27,"stat.mineBlock.minecraft.log":13,"stat.craftItem.minecraft.cooked_chicken":2,"stat.pickup.minecraft.egg":6,"stat.mineBlock.minecraft.leaves":2,"stat.playOneMinute":58369,"stat.pickup.minecraft.torch":11,"stat.killEntity.Sheep":1,"stat.mineBlock.minecraft.redstone_ore":13,"stat.craftItem.minecraft.iron_pickaxe":2,"stat.pickup.minecraft.wool":1,"stat.killEntity.Zombie":7,"stat.mineBlock.minecraft.stone":313,"stat.mineBlock.minecraft.gold_ore":18,"stat.mineBlock.minecraft.tallgrass":26,"stat.craftItem.minecraft.cooked_mutton":1,"stat.diveOneCm":475}