{"stat.pickup.minecraft.bone":1,"stat.useItem.minecraft.stone":2,"stat.pickup.minecraft.gravel":18,"stat.pickup.minecraft.arrow":1,"stat.pickup.minecraft.flint":1,"stat.useItem.minecraft.mutton":1,"stat.swimOneCm":1278,"stat.jump":740,"stat.pickup.minecraft.coal":49,"stat.fallOneCm":7422,"stat.useItem.minecraft.stone_axe":41,"stat.pickup.minecraft.spider_eye":2,"stat.craftItem.minecraft.torch":20,"stat.craftItem.minecraft.iron_ingot":13,"stat.pickup.minecraft.dirt":14,"stat.useItem.minecraft.dirt":6,"stat.useItem.minecraft.stone_slab2":11,"stat.useItem.minecraft.cooked_chicken":2,"stat.craftingTableInteraction":11,"stat.pickup.minecraft.iron_ore":53,"stat.pickup.minecraft.rotten_flesh":1,"stat.craftItem.minecraft.furnace":3,"stat.pickup.minecraft.gold_ore":18,"stat.mineBlock.minecraft.lapis_ore":5,"stat.useItem.minecraft.egg":2,"stat.craftItem.minecraft.stone_axe":1,"stat.damageTaken":310,"stat.pickup.minecraft.feather":2,"stat.craftItem.minecraft.stone_pickaxe":1,"stat.mineBlock.minecraft.torch":6,"stat.mineBlock.minecraft.furnace":1,"stat.useItem.minecraft.wooden_pickaxe":22,"stat.pickup.minecraft.cobblestone":241,"stat.pickup.minecraft.dye":31,"stat.flyOneCm":40403,"stat.pickup.minecraft.wheat_seeds":3,"stat.mineBlock.minecraft.gravel":20,"stat.useItem.minecraft.stone_pickaxe":103,"stat.damageDealt":1337,"stat.pickup.minecraft.redstone":60,"stat.mineBlock.minecraft.iron_ore":54,"stat.timeSinceDeath":46669,"stat.mineBlock.minecraft.dirt":2,"stat.useItem.minecraft.iron_pickaxe":340,"stat.craftItem.minecraft.wooden_pickaxe":1,"stat.pickup.minecraft.mutton":2,"stat.walkOneCm":119880,"stat.useItem.minecraft.torch":13,"stat.pickup.minecraft.crafting_table":4,"stat.craftItem.minecraft.crafting_table":1,"stat.furnaceInteraction":19,"stat.useItem.minecraft.gravel":10,"stat.mineBlock.minecraft.coal_ore":48,"stat.pickup.minecraft.log":4,"stat.pickup.minecraft.string":2,"stat.useItem.minecraft.cooked_mutton":1,"stat.pickup.minecraft.furnace":1,"stat.craftItem.minecraft.gold_ingot":7,"stat.pickup.minecraft.stone":67,"stat.pickup.minecraft.chicken":2,"stat.sprintOneCm":49238,"stat.craftItem.minecraft.stick":16,"stat.killEntity.Skeleton":1,"stat.craftItem.minecraft.planks":16,"stat.killEntity.Chicken":2,"stat.mineBlock.minecraft.crafting_table":4,"stat.killEntity.Spider":3,"stat.mobKills":9,"stat.mineBlock.minecraft.log":4,"stat.craftItem.minecraft.cooked_chicken":2,"stat.pickup.minecraft.egg":3,"stat.mineBlock.minecraft.leaves":2,"stat.playOneMinute":46669,"stat.pickup.minecraft.torch":9,"stat.killEntity.Sheep":1,"stat.mineBlock.minecraft.redstone_ore":13,"stat.craftItem.minecraft.iron_pickaxe":2,"stat.pickup.minecraft.wool":1,"stat.killEntity.Zombie":2,"stat.mineBlock.minecraft.stone":308,"stat.mineBlock.minecraft.gold_ore":18,"stat.mineBlock.minecraft.tallgrass":9,"stat.craftItem.minecraft.cooked_mutton":1,"stat.diveOneCm":475}